{
	"name" : "Shelf Runner",
	"slug" : "shelf-runner",
	"author" : "<a href='https://www.thinkaquamarine.com'>Aquamarine</a>",
	"author_profile" : "https://profiles.wordpress.org/thinkaquamarine/",
	"version" : "2.0.0",
	"download_url" : "https://github.com/tcmulder/wilsons-way/raw/refs/heads/master/updates/shelf-runner.zip",
	"requires" : "6.5.4",
	"tested" : "6.8.1",
	"requires_php" : "8.0",
	"last_updated" : "2026-02-23 00:00:00",
	"sections" : {
		"description" : "This plugin adds the Shelf Runner game to your website. It can either be set up as a host, meaning game scoring data will be saved to your website, or as a client, meaning game scoring data will be saved on another website that is hosting the game.",
		"installation" : "<ol><li>Upload the game to your website</li><li>Activate the plugin</li></ol>",
		"changelog" : "See <a href='https://raw.githubusercontent.com/tcmulder/wilsons-way/refs/heads/master/readme.txt' target='_blank'>readme</a>"
	}
}